experiment	DYE	SRM_id	SRM_Sample_id	seq_unit	condition	Kit	seq_technology	assay	multiome_10x	Sample	species	seq_technology_assay	tissue	matched_sample_info	wet_lab_info	matched_sample_id
Cerebellum	DYE_2873	180170	1883584	nucleus	age	10x ATAC	10Xv2	ATAC	no	6 week cerebellum	mouse	10Xv2_ATAC	Cerebellum	same-mouse-same-tissue	NA	6 week cerebellum_ATAC
Cerebellum	DYE_4687	208969	2089363	nucleus	age	10x ATAC	10Xv2	ATAC	no	6 week cerebellum	mouse	10Xv2_ATAC	Cerebellum	same-mouse-same-tissue	done later, not enough high quality cells in DYE2873	6 week cerebellum_ATAC
Cerebellum	DYE_2870	180168	1883580	cell	age	10x RNA	10Xv3	RNA	no	6 week cerebellum	mouse	10Xv3_RNA	Cerebellum	same-mouse-same-tissue	NA	6 week cerebellum_RNA
Cerebellum	DYE_2872	180170	1883583	nucleus	age	10x ATAC	10Xv2	ATAC	no	P0 cerebellum	mouse	10Xv2_ATAC	Cerebellum	same-mouse-same-tissue	NA	P0 cerebellum_ATAC
Cerebellum	DYE_2869	180168	1883579	cell	age	10x RNA	10Xv3	RNA	no	P0 cerebellum	mouse	10Xv3_RNA	Cerebellum	same-mouse-same-tissue	NA	P0 cerebellum_RNA
Cerebellum	DYE0317	277094	2460155	nucleus	sorted	10x ATAC	10Xv2	ATAC	no	ATOH HI	mouse	10Xv2_ATAC	Cerebellum	same-mouse-same-tissue	NA	ATOH HI_ATAC
Cerebellum	DYE0315	277093	2460153	cell	sorted	10x RNA	10Xv3	RNA	no	ATOH HI	mouse	10Xv3_RNA	Cerebellum	same-mouse-same-tissue	NA	ATOH HI_RNA
Cerebellum	DYE0316	277094	2460154	nucleus	sorted	10x ATAC	10Xv2	ATAC	no	ATOH Low	mouse	10Xv2_ATAC	Cerebellum	same-mouse-same-tissue	NA	ATOH Low_ATAC
Cerebellum	DYE0314	277093	2460152	cell	sorted	10x RNA	10Xv3	RNA	no	ATOH Low	mouse	10Xv3_RNA	Cerebellum	same-mouse-same-tissue	NA	ATOH Low_RNA
More Retina	DYE_2874	163737	1883585	cell	age	10x ATAC	10Xv2	ATAC	no	E14.5 Retina	mouse	10Xv2_ATAC	Retina	different-mouse-same-tissue-same-age	NA	E14.5 Retina_ATAC
More Retina	DYE_2875	163737	1883586	cell	age	10x ATAC	10Xv2	ATAC	no	E14.5 Retina	mouse	10Xv2_ATAC	Retina	different-mouse-same-tissue-same-age	NA	E14.5 Retina_ATAC
More Retina	DYE_2525	157682	1657575	cell	age	10x RNA	10Xv3	RNA	no	E14.5 Retina	mouse	10Xv3_RNA	Retina	different-mouse-same-tissue-same-age	NA	E14.5 Retina_RNA
More Retina	DYE_2478	152367	1603316	cell	none	10x ATAC	10Xv2	ATAC	no	Retina	mouse	10Xv2_ATAC	Retina	different-mouse-same-tissue-same-age	NA	Retina_ATAC
More Retina	DYE_2479	152367	1603317	cell	none	10x ATAC	10Xv2	ATAC	no	Retina	mouse	10Xv2_ATAC	Retina	different-mouse-same-tissue-same-age	NA	Retina_ATAC
More Retina	DYE_2603	163737	1721277	cell	sorted	10x ATAC	10Xv2	ATAC	no	NRL Dep	mouse	10Xv2_ATAC	Retina	different-mouse-same-tissue-same-age	NA	NRL Dep_ATAC
More Retina	DYE_2597	163734	1721257	cell	sorted	10x RNA	10Xv3	RNA	no	NRL Dep	mouse	10Xv3_RNA	Retina	different-mouse-same-tissue-same-age	NA	NRL Dep_RNA
Multiome Retina	DYE_7762	245790	2294835	nucleus	age	10x ATAC (multiome)	10X	ATAC	yes	Adult Retina	mouse	10X_ATAC	Retina	same-mouse-same-tissue	NA	Adult Retina_ATAC
Multiome Retina	DYE_7759	245789	2294832	nucleus	age	10x RNA (Multiome)	10X	RNA	yes	Adult Retina	mouse	10X_RNA	Retina	same-mouse-same-tissue	NA	Adult Retina_RNA
Multiome Retina	DYE_7764	245790	2294837	nucleus	age	10x ATAC (multiome)	10X	ATAC	yes	E14.5 Retina	mouse	10X_ATAC	Retina	same-mouse-same-tissue	NA	E14.5 Retina_ATAC
Multiome Retina	DYE_7761	245789	2294834	nucleus	age	10x RNA (Multiome)	10X	RNA	yes	E14.5 Retina	mouse	10X_RNA	Retina	same-mouse-same-tissue	NA	E14.5 Retina_RNA
Multiome Retina	DYE_7763	245790	2294836	nucleus	age	10x ATAC (multiome)	10X	ATAC	yes	P0 Retina	mouse	10X_ATAC	Retina	same-mouse-same-tissue	NA	P0 Retina_ATAC
Multiome Retina	DYE_7760	245789	2294833	nucleus	age	10x RNA (Multiome)	10X	RNA	yes	P0 Retina	mouse	10X_RNA	Retina	same-mouse-same-tissue	NA	P0 Retina_RNA
Stressed Retina	DYE_4667	206690	2074626	cell	LPS Injection	10x RNA	10Xv3	RNA	no	LPS	mouse	10Xv3_RNA	Retina	same-mouse-same-tissue	NA	LPS_RNA
Stressed Retina	DYE_4671	206686	2074611	nucleus	LPS Injection	10x ATAC	10Xv2	ATAC	no	LPS_ATAC	mouse	10Xv2_ATAC	Retina	same-mouse-same-tissue	NA	LPS_ATAC_ATAC
Stressed Retina	DYE_4666	206690	2074625	cell	PBS Injection	10x RNA	10Xv3	RNA	no	PBS	mouse	10Xv3_RNA	Retina	same-mouse-same-tissue	NA	PBS_RNA
Victoria Knockout	DYE_2531	157684	1657593	nucleus	knock-out	10x ATAC	10Xv2	ATAC	no	SEKO_21	mouse	10Xv2_ATAC	Retina	same-mouse-same-tissue	NA	SEKO_21_ATAC
Victoria Knockout	DYE_2521	157682	1657571	cell	knock-out	10x RNA	10Xv3	RNA	no	SEKO_21	mouse	10Xv3_RNA	Retina	same-mouse-same-tissue	NA	SEKO_21_RNA
Victoria Knockout	DYE_2532	157684	1657594	nucleus	knock-out	10x ATAC	10Xv2	ATAC	no	SEKO_25	mouse	10Xv2_ATAC	Retina	same-mouse-same-tissue	NA	SEKO_25_ATAC
Victoria Knockout	DYE_2522	157682	1657572	cell	knock-out	10x RNA	10Xv3	RNA	no	SEKO_25	mouse	10Xv3_RNA	Retina	same-mouse-same-tissue	NA	SEKO_25_RNA
Victoria Knockout	DYE_2529	157684	1657591	nucleus	wt	10x ATAC	10Xv2	ATAC	no	Wt1	mouse	10Xv2_ATAC	Retina	same-mouse-same-tissue	NA	Wt1_ATAC
Victoria Knockout	DYE_2519	157682	1657569	cell	wt	10x RNA	10Xv3	RNA	no	Wt1	mouse	10Xv3_RNA	Retina	same-mouse-same-tissue	NA	Wt1_RNA
Victoria Knockout	DYE_2530	157684	1657592	nucleus	wt	10x ATAC	10Xv2	ATAC	no	Wt2	mouse	10Xv2_ATAC	Retina	same-mouse-same-tissue	NA	Wt2_ATAC
Victoria Knockout	DYE_2520	157682	1657570	cell	wt	10x RNA	10Xv3	RNA	no	Wt2	mouse	10Xv3_RNA	Retina	same-mouse-same-tissue	NA	Wt2_RNA
